{
  "version": 1,
  "author": "Anonymous maker",
  "editor": "wokwi",
  "parts": [
    { "type": "wokwi-arduino-uno", "id": "uno", "top": 87, "left": 9, "attrs": {} },
    {
      "type": "wokwi-7segment",
      "id": "sevseg1",
      "top": -100.62,
      "left": -4.52,
      "attrs": { "digits": "1", "colon": "", "color": "red" }
    }
  ],
  "connections": [
    [ "uno:5V", "sevseg1:COM.2", "red", [ "v57.5", "h-245.8", "v-460.8", "h96" ] ],
    [ "sevseg1:A", "uno:0", "green", [ "v-27.96", "h230.4" ] ],
    [ "uno:1", "sevseg1:B", "green", [ "v-211.2", "h-216.6" ] ],
    [ "sevseg1:F", "uno:5", "green", [ "v-18.36", "h-57.6", "v182.4", "h259.2" ] ],
    [ "sevseg1:G", "uno:6", "green", [ "v-8.76", "h-28.8", "v163.2", "h240" ] ],
    [ "uno:4", "sevseg1:E", "green", [ "v-48", "h-5.7" ] ],
    [ "uno:3", "sevseg1:D", "green", [ "v-57.6", "h-226.4" ] ],
    [ "uno:GND.1", "sevseg1:COM.1", "black", [ "v-96", "h0.3" ] ],
    [ "sevseg1:C", "uno:2", "green", [ "v57.6", "h211.2" ] ],
    [ "uno:7", "sevseg1:DP", "green", [ "v-105.6", "h-159.6" ] ]
  ],
  "dependencies": {}
}